<?xml version="1.0"?>
<!-- <!DOCTYPE metadata SYSTEM "http://www.esri.com/metadata/esriprof80.dtd"> -->
<metadata xml:lang="en"><Esri><CreaDate>20170315</CreaDate><CreaTime>16450100</CreaTime><ArcGISFormat>1.0</ArcGISFormat><SyncOnce>FALSE</SyncOnce><DataProperties><itemProps><itemName Sync="TRUE">LEGAL_DEVELOP.Polling_stations_2015</itemName><imsContentType Sync="TRUE">002</imsContentType><itemLocation><linkage Sync="TRUE">Server=sde; Service=sde:oracle$sde:oracle11g:CORPDB; User=LEGAL_DEVELOP; Version=SDE.DEFAULT</linkage><protocol Sync="TRUE">ArcSDE Connection</protocol></itemLocation><nativeExtBox><westBL Sync="TRUE">404083.244400</westBL><eastBL Sync="TRUE">425219.374400</eastBL><southBL Sync="TRUE">299620.602000</southBL><northBL Sync="TRUE">329526.157500</northBL><exTypeCode Sync="TRUE">1</exTypeCode></nativeExtBox></itemProps><coordRef><type Sync="TRUE">Projected</type><geogcsn Sync="TRUE">GCS_OSGB_1936</geogcsn><csUnits Sync="TRUE">Linear Unit: Meter (1.000000)</csUnits><projcsn Sync="TRUE">British_National_Grid</projcsn><peXml Sync="TRUE">&lt;ProjectedCoordinateSystem xsi:type='typens:ProjectedCoordinateSystem' xmlns:xsi='http://www.w3.org/2001/XMLSchema-instance' xmlns:xs='http://www.w3.org/2001/XMLSchema' xmlns:typens='http://www.esri.com/schemas/ArcGIS/10.1'&gt;&lt;WKT&gt;PROJCS[&amp;quot;British_National_Grid&amp;quot;,GEOGCS[&amp;quot;GCS_OSGB_1936&amp;quot;,DATUM[&amp;quot;D_OSGB_1936&amp;quot;,SPHEROID[&amp;quot;Airy_1830&amp;quot;,6377563.396,299.3249646]],PRIMEM[&amp;quot;Greenwich&amp;quot;,0.0],UNIT[&amp;quot;Degree&amp;quot;,0.0174532925199433]],PROJECTION[&amp;quot;Transverse_Mercator&amp;quot;],PARAMETER[&amp;quot;False_Easting&amp;quot;,400000.0],PARAMETER[&amp;quot;False_Northing&amp;quot;,-100000.0],PARAMETER[&amp;quot;Central_Meridian&amp;quot;,-2.0],PARAMETER[&amp;quot;Scale_Factor&amp;quot;,0.9996012717],PARAMETER[&amp;quot;Latitude_Of_Origin&amp;quot;,49.0],UNIT[&amp;quot;Meter&amp;quot;,1.0],AUTHORITY[&amp;quot;EPSG&amp;quot;,27700]]&lt;/WKT&gt;&lt;XOrigin&gt;-5220400&lt;/XOrigin&gt;&lt;YOrigin&gt;-15524400&lt;/YOrigin&gt;&lt;XYScale&gt;10000&lt;/XYScale&gt;&lt;ZOrigin&gt;0&lt;/ZOrigin&gt;&lt;ZScale&gt;1&lt;/ZScale&gt;&lt;MOrigin&gt;0&lt;/MOrigin&gt;&lt;MScale&gt;1&lt;/MScale&gt;&lt;XYTolerance&gt;0.001&lt;/XYTolerance&gt;&lt;ZTolerance&gt;0.001&lt;/ZTolerance&gt;&lt;MTolerance&gt;0.001&lt;/MTolerance&gt;&lt;HighPrecision&gt;true&lt;/HighPrecision&gt;&lt;WKID&gt;27700&lt;/WKID&gt;&lt;LatestWKID&gt;27700&lt;/LatestWKID&gt;&lt;/ProjectedCoordinateSystem&gt;</peXml></coordRef><lineage><Process ToolSource="c:\program files\arcgis\desktop10.1\ArcToolbox\Toolboxes\Conversion Tools.tbx\FeatureClassToFeatureClass" Date="20150313" Time="161537">FeatureClassToFeatureClass "\\ldc-file01\home$\WhittRo\Projects\Polling Stations\FINAL_POLLING_STATION.shp" "Database Connections\Legal_develop.sde" Polling_stations_2015 # "OBJECTID "OBJECTID" true true false 10 Double 0 10 ,First,#,\\ldc-file01\home$\WhittRo\Projects\Polling Stations\FINAL_POLLING_STATION.shp,OBJECTID,-1,-1;NAME "NAME" true true false 200 Text 0 0 ,First,#,\\ldc-file01\home$\WhittRo\Projects\Polling Stations\FINAL_POLLING_STATION.shp,NAME,-1,-1;UPRN "UPRN" true true false 50 Text 0 0 ,First,#,\\ldc-file01\home$\WhittRo\Projects\Polling Stations\FINAL_POLLING_STATION.shp,UPRN,-1,-1;LDC_AREA "LDC_AREA" true true false 50 Text 0 0 ,First,#,\\ldc-file01\home$\WhittRo\Projects\Polling Stations\FINAL_POLLING_STATION.shp,LDC_AREA,-1,-1;WESTMINSTE "WESTMINSTE" true true false 50 Text 0 0 ,First,#,\\ldc-file01\home$\WhittRo\Projects\Polling Stations\FINAL_POLLING_STATION.shp,WESTMINSTE,-1,-1;POLLING__2 "POLLING__2" true true false 254 Text 0 0 ,First,#,\\ldc-file01\home$\WhittRo\Projects\Polling Stations\FINAL_POLLING_STATION.shp,POLLING__2,-1,-1;POLLING__3 "POLLING__3" true true false 254 Text 0 0 ,First,#,\\ldc-file01\home$\WhittRo\Projects\Polling Stations\FINAL_POLLING_STATION.shp,POLLING__3,-1,-1;POLLING__6 "POLLING__6" true true false 254 Text 0 0 ,First,#,\\ldc-file01\home$\WhittRo\Projects\Polling Stations\FINAL_POLLING_STATION.shp,POLLING__6,-1,-1;POLLING__7 "POLLING__7" true true false 254 Text 0 0 ,First,#,\\ldc-file01\home$\WhittRo\Projects\Polling Stations\FINAL_POLLING_STATION.shp,POLLING__7,-1,-1;POLLING__8 "POLLING__8" true true false 254 Text 0 0 ,First,#,\\ldc-file01\home$\WhittRo\Projects\Polling Stations\FINAL_POLLING_STATION.shp,POLLING__8,-1,-1;POLLING__9 "POLLING__9" true true false 254 Text 0 0 ,First,#,\\ldc-file01\home$\WhittRo\Projects\Polling Stations\FINAL_POLLING_STATION.shp,POLLING__9,-1,-1;POLLING_10 "POLLING_10" true true false 254 Text 0 0 ,First,#,\\ldc-file01\home$\WhittRo\Projects\Polling Stations\FINAL_POLLING_STATION.shp,POLLING_10,-1,-1;POLLING_11 "POLLING_11" true true false 254 Text 0 0 ,First,#,\\ldc-file01\home$\WhittRo\Projects\Polling Stations\FINAL_POLLING_STATION.shp,POLLING_11,-1,-1;POLLING_13 "POLLING_13" true true false 9 Long 0 9 ,First,#,\\ldc-file01\home$\WhittRo\Projects\Polling Stations\FINAL_POLLING_STATION.shp,POLLING_13,-1,-1;POLLING_14 "POLLING_14" true true false 9 Long 0 9 ,First,#,\\ldc-file01\home$\WhittRo\Projects\Polling Stations\FINAL_POLLING_STATION.shp,POLLING_14,-1,-1" LEGAL_DEVELOP</Process><Process ToolSource="c:\program files\arcgis\desktop10.1\ArcToolbox\Toolboxes\Data Management Tools.tbx\AddSpatialIndex" Date="20150313" Time="161937">AddSpatialIndex "Database Connections\Legal_develop.sde\LEGAL_DEVELOP.Polling_stations_2015" 0 0 0</Process></lineage></DataProperties><SyncDate>20150413</SyncDate><SyncTime>11253900</SyncTime><ModDate>20150413</ModDate><ModTime>11253900</ModTime><ArcGISstyle>INSPIRE Metadata Directive</ArcGISstyle></Esri><dataIdInfo><envirDesc Sync="TRUE">Microsoft Windows XP Version 5.1 (Build 2600) Service Pack 3; Esri ArcGIS 10.1.1.3300</envirDesc><dataLang><languageCode value="en" Sync="TRUE"></languageCode><countryCode value="GB" Sync="TRUE"></countryCode></dataLang><idCitation><resTitle Sync="TRUE">LEGAL_DEVELOP.Polling_stations_2015</resTitle><presForm><PresFormCd value="005" Sync="TRUE"></PresFormCd></presForm></idCitation><spatRpType><SpatRepTypCd value="001" Sync="TRUE"></SpatRepTypCd></spatRpType><dataExt><geoEle><GeoBndBox esriExtentType="search"><exTypeCode Sync="TRUE">1</exTypeCode><westBL Sync="TRUE">-1.939714</westBL><eastBL Sync="TRUE">-1.625364</eastBL><northBL Sync="TRUE">52.862880</northBL><southBL Sync="TRUE">52.593441</southBL></GeoBndBox></geoEle></dataExt></dataIdInfo><mdLang><languageCode value="en" Sync="TRUE"></languageCode><countryCode value="GB" Sync="TRUE"></countryCode></mdLang><mdChar><CharSetCd value="004" Sync="TRUE"></CharSetCd></mdChar><distInfo><distFormat><formatName Sync="TRUE">SDE Feature Class</formatName></distFormat></distInfo><mdHrLv><ScopeCd value="005" Sync="TRUE"></ScopeCd></mdHrLv><mdHrLvName Sync="TRUE">dataset</mdHrLvName><refSysInfo><RefSystem><refSysID><identCode code="27700" Sync="TRUE"></identCode><idCodeSpace Sync="TRUE">EPSG</idCodeSpace><idVersion Sync="TRUE">7.11.2</idVersion></refSysID></RefSystem></refSysInfo><spatRepInfo><VectSpatRep><geometObjs Name="LEGAL_DEVELOP.Polling_stations_2015"><geoObjTyp><GeoObjTypCd value="004" Sync="TRUE"></GeoObjTypCd></geoObjTyp><geoObjCnt Sync="TRUE">79</geoObjCnt></geometObjs><topLvl><TopoLevCd value="001" Sync="TRUE"></TopoLevCd></topLvl></VectSpatRep></spatRepInfo><spdoinfo><ptvctinf><esriterm Name="LEGAL_DEVELOP.Polling_stations_2015"><efeatyp Sync="TRUE">Simple</efeatyp><efeageom code="1" Sync="TRUE"></efeageom><esritopo Sync="TRUE">FALSE</esritopo><efeacnt Sync="TRUE">79</efeacnt><spindex Sync="TRUE">TRUE</spindex><linrefer Sync="TRUE">FALSE</linrefer></esriterm></ptvctinf></spdoinfo><eainfo><detailed Name="LEGAL_DEVELOP.Polling_stations_2015"><enttyp><enttypl Sync="TRUE">LEGAL_DEVELOP.Polling_stations_2015</enttypl><enttypt Sync="TRUE">Feature Class</enttypt><enttypc Sync="TRUE">79</enttypc></enttyp><attr><attrlabl Sync="TRUE">OBJECTID_1</attrlabl><attalias Sync="TRUE">OBJECTID_1</attalias><attrtype Sync="TRUE">OID</attrtype><attwidth Sync="TRUE">4</attwidth><atprecis Sync="TRUE">10</atprecis><attscale Sync="TRUE">0</attscale><attrdef Sync="TRUE">Internal feature number.</attrdef><attrdefs Sync="TRUE">Esri</attrdefs><attrdomv><udom Sync="TRUE">Sequential unique whole numbers that are automatically generated.</udom></attrdomv></attr><attr><attrlabl Sync="TRUE">NAME</attrlabl><attalias Sync="TRUE">NAME</attalias><attrtype Sync="TRUE">String</attrtype><attwidth Sync="TRUE">200</attwidth><atprecis Sync="TRUE">0</atprecis><attscale Sync="TRUE">0</attscale></attr><attr><attrlabl Sync="TRUE">UPRN</attrlabl><attalias Sync="TRUE">UPRN</attalias><attrtype Sync="TRUE">String</attrtype><attwidth Sync="TRUE">50</attwidth><atprecis Sync="TRUE">0</atprecis><attscale Sync="TRUE">0</attscale></attr><attr><attrlabl Sync="TRUE">LDC_AREA</attrlabl><attalias Sync="TRUE">In LDC Area</attalias><attrtype Sync="TRUE">String</attrtype><attwidth Sync="TRUE">50</attwidth><atprecis Sync="TRUE">0</atprecis><attscale Sync="TRUE">0</attscale></attr><attr><attrlabl Sync="TRUE">WESTMINSTE</attrlabl><attalias Sync="TRUE">Westminster Constituency</attalias><attrtype Sync="TRUE">String</attrtype><attwidth Sync="TRUE">50</attwidth><atprecis Sync="TRUE">0</atprecis><attscale Sync="TRUE">0</attscale></attr><attr><attrlabl Sync="TRUE">POLLING__2</attrlabl><attalias Sync="TRUE">Street Name</attalias><attrtype Sync="TRUE">String</attrtype><attwidth Sync="TRUE">254</attwidth><atprecis Sync="TRUE">0</atprecis><attscale Sync="TRUE">0</attscale></attr><attr><attrlabl Sync="TRUE">POLLING__3</attrlabl><attalias Sync="TRUE">Postcode</attalias><attrtype Sync="TRUE">String</attrtype><attwidth Sync="TRUE">254</attwidth><atprecis Sync="TRUE">0</atprecis><attscale Sync="TRUE">0</attscale></attr><attr><attrlabl Sync="TRUE">POLLING__6</attrlabl><attalias Sync="TRUE">Parish</attalias><attrtype Sync="TRUE">String</attrtype><attwidth Sync="TRUE">254</attwidth><atprecis Sync="TRUE">0</atprecis><attscale Sync="TRUE">0</attscale></attr><attr><attrlabl Sync="TRUE">POLLING__7</attrlabl><attalias Sync="TRUE">Ward</attalias><attrtype Sync="TRUE">String</attrtype><attwidth Sync="TRUE">254</attwidth><atprecis Sync="TRUE">0</atprecis><attscale Sync="TRUE">0</attscale></attr><attr><attrlabl Sync="TRUE">POLLING__8</attrlabl><attalias Sync="TRUE">Ward 2</attalias><attrtype Sync="TRUE">String</attrtype><attwidth Sync="TRUE">254</attwidth><atprecis Sync="TRUE">0</atprecis><attscale Sync="TRUE">0</attscale></attr><attr><attrlabl Sync="TRUE">POLLING__9</attrlabl><attalias Sync="TRUE">Polling District 1</attalias><attrtype Sync="TRUE">String</attrtype><attwidth Sync="TRUE">254</attwidth><atprecis Sync="TRUE">0</atprecis><attscale Sync="TRUE">0</attscale></attr><attr><attrlabl Sync="TRUE">POLLING_10</attrlabl><attalias Sync="TRUE">Polling District 2</attalias><attrtype Sync="TRUE">String</attrtype><attwidth Sync="TRUE">254</attwidth><atprecis Sync="TRUE">0</atprecis><attscale Sync="TRUE">0</attscale></attr><attr><attrlabl Sync="TRUE">POLLING_11</attrlabl><attalias Sync="TRUE">Polling District 3</attalias><attrtype Sync="TRUE">String</attrtype><attwidth Sync="TRUE">254</attwidth><atprecis Sync="TRUE">0</atprecis><attscale Sync="TRUE">0</attscale></attr><attr><attrlabl Sync="TRUE">POLLING_13</attrlabl><attalias Sync="TRUE">MAP_EAST</attalias><attrtype Sync="TRUE">Integer</attrtype><attwidth Sync="TRUE">4</attwidth><atprecis Sync="TRUE">9</atprecis><attscale Sync="TRUE">0</attscale></attr><attr><attrlabl Sync="TRUE">POLLING_14</attrlabl><attalias Sync="TRUE">MAP_NORTH</attalias><attrtype Sync="TRUE">Integer</attrtype><attwidth Sync="TRUE">4</attwidth><atprecis Sync="TRUE">9</atprecis><attscale Sync="TRUE">0</attscale></attr><attr><attrlabl Sync="TRUE">SHAPE</attrlabl><attalias Sync="TRUE">Shape</attalias><attrtype Sync="TRUE">Geometry</attrtype><attwidth Sync="TRUE">4</attwidth><atprecis Sync="TRUE">0</atprecis><attscale Sync="TRUE">0</attscale><attrdef Sync="TRUE">Feature geometry.</attrdef><attrdefs Sync="TRUE">Esri</attrdefs><attrdomv><udom Sync="TRUE">Coordinates defining the features.</udom></attrdomv></attr><attr><attrlabl Sync="TRUE">POLLING_ID</attrlabl><attalias Sync="TRUE">POLLING_ID</attalias><attrtype Sync="TRUE">String</attrtype><attwidth Sync="TRUE">50</attwidth><atprecis Sync="TRUE">0</atprecis><attscale Sync="TRUE">0</attscale></attr></detailed></eainfo><mdDateSt Sync="TRUE">20150413</mdDateSt><GEMINI_Metadata><IdentificationInfo><spatialRepresentationType codeList="001"></spatialRepresentationType><extent><geographicElement><westBoundLongitude>-1.939714</westBoundLongitude><eastBoundLongitude>-1.625364</eastBoundLongitude><northBoundLatitude>52.862880</northBoundLatitude><southBoundLatitude>52.593440</southBoundLatitude></geographicElement></extent></IdentificationInfo><dateStamp>20150413</dateStamp><metadataStandardName>UK GEMINI Standard</metadataStandardName><metadataStandardVersion>1.0</metadataStandardVersion><referenceSystemInfo><referenceSystemIdentifier><code>001</code></referenceSystemIdentifier></referenceSystemInfo></GEMINI_Metadata><gmd:GEMINI_Metadata xmlns:gmd="http://www.isotc211.org/2005/gmd" xmlns:xsi="http://www.w3.org/2001/XMLSchema-instance" xmlns:gco="http://www.isotc211.org/2005/gco" xmlns:srv="http://www.isotc211.org/2005/srv" xmlns:gts="http://www.isotc211.org/2005/gts" xmlns:gml="http://www.opengis.net/gml" xmlns:xlink="http://www.w3.org/1999/xlink" xmlns:msxsl="urn:schemas-microsoft-com:xslt">
		<gmd:hierarchyLevel>
			<gmd:MD_ScopeCode codeList="http://standards.iso.org/ittf/PubliclyAvailableStandards/ISO_19139_Schemas/resources/Codelist/gmxCodelists.xml#MD_ScopeCode" codeListValue="dataset">Dataset</gmd:MD_ScopeCode>
		</gmd:hierarchyLevel>
		<gmd:dateStamp>
			<gco:Date>2015-04-13</gco:Date>
		</gmd:dateStamp>
		<gmd:language>
			<gmd:LanguageCode codeList="http://www.loc.gov/standards/iso639-2/php/code_list.php" codeListValue="eng">English</gmd:LanguageCode>
		</gmd:language>
		<gmd:identificationInfo>
			<gmd:MD_DataIdentification>
				<gmd:language>
					<gmd:LanguageCode codeList="http://www.loc.gov/standards/iso639-2/php/code_list.php" codeListValue="eng">English</gmd:LanguageCode>
				</gmd:language>
				<gmd:spatialResolution>
					<gmd:MD_Resolution>
						<gmd:distance>
							<gco:Distance uom="Meters">0.0001</gco:Distance>
						</gmd:distance>
					</gmd:MD_Resolution>
				</gmd:spatialResolution>
				<gmd:citation>
					<gmd:CI_Citation>
						<gmd:title>
							<gco:CharacterString>LEGAL_DEVELOP.Polling_stations_2015</gco:CharacterString>
						</gmd:title>
					</gmd:CI_Citation>
				</gmd:citation>
				<gmd:extent>
					<gmd:EX_Extent>
						<gmd:verticalElement>
							<gmd:EX_VerticalExtent>
								<gmd:minimumValue>
									<gco:Real>0.00</gco:Real>
								</gmd:minimumValue>
								<gmd:maximumValue>
									<gco:Real>9007199254740990.00</gco:Real>
								</gmd:maximumValue>
								<gmd:verticalCRS xlink:href=""/>
							</gmd:EX_VerticalExtent>
						</gmd:verticalElement>
					</gmd:EX_Extent>
				</gmd:extent>
			</gmd:MD_DataIdentification>
		</gmd:identificationInfo>
		<gmd:distributionInfo>
			<gmd:MD_Distribution>
				<gmd:transferOptions>
					<gmd:MD_DigitalTransferOptions>
						<gmd:onLine>
							<gmd:CI_OnlineResource>
								<gmd:linkage>
									<gmd:URL>Server=sde; Service=sde:oracle$sde:oracle11g:CORPDB; User=LEGAL_DEVELOP; Version=SDE.DEFAULT</gmd:URL>
								</gmd:linkage>
							</gmd:CI_OnlineResource>
						</gmd:onLine>
					</gmd:MD_DigitalTransferOptions>
				</gmd:transferOptions>
			</gmd:MD_Distribution>
		</gmd:distributionInfo>
		<gmd:referenceSystemInfo>
			<gmd:MD_ReferenceSystem>
				<gmd:referenceSystemIdentifier>
					<gmd:RS_Identifier>
						<gmd:code>
							<gco:CharacterString>Great Britain National Grid</gco:CharacterString>
						</gmd:code>
					</gmd:RS_Identifier>
				</gmd:referenceSystemIdentifier>
			</gmd:MD_ReferenceSystem>
		</gmd:referenceSystemInfo>
	</gmd:GEMINI_Metadata></metadata>
